{
  "0": {
    "precision": 0.7828731297895634,
    "recall": 0.7685693814186768,
    "f1-score": 0.7756553178668274,
    "support": 25122.0
  },
  "1": {
    "precision": 0.5730480480480481,
    "recall": 0.4159219703574542,
    "f1-score": 0.4820030310684516,
    "support": 18352.0
  },
  "2": {
    "precision": 0.20576671035386632,
    "recall": 0.3739764775941641,
    "f1-score": 0.26546895640686924,
    "support": 6717.0
  },
  "accuracy": 0.5868183538881473,
  "macro avg": {
    "precision": 0.5205626293971592,
    "recall": 0.519489276456765,
    "f1-score": 0.5077091017807162,
    "support": 50191.0
  },
  "weighted avg": {
    "precision": 0.6289185618496964,
    "recall": 0.5868183538881473,
    "f1-score": 0.6000057281545217,
    "support": 50191.0
  }
}