{
  "accuracy": 0.9327963755348603,
  "report": {
    "MILD": {
      "precision": 0.9416592328278323,
      "recall": 0.962260711030082,
      "f1-score": 0.951848512173129,
      "support": 5485
    },
    "SENSITIVE": {
      "precision": 0.9115762494660401,
      "recall": 0.8671271840715157,
      "f1-score": 0.8887963348604748,
      "support": 2461
    },
    "CRITICAL": {
      "precision": 0.0,
      "recall": 0.0,
      "f1-score": 0.0,
      "support": 0
    },
    "micro avg": {
      "precision": 0.9327963755348603,
      "recall": 0.9327963755348603,
      "f1-score": 0.9327963755348603,
      "support": 7946
    },
    "macro avg": {
      "precision": 0.6177451607646242,
      "recall": 0.6097959650338659,
      "f1-score": 0.6135482823445346,
      "support": 7946
    },
    "weighted avg": {
      "precision": 0.9323420641828071,
      "recall": 0.9327963755348603,
      "f1-score": 0.9323202704960032,
      "support": 7946
    }
  }
}