{
  "accuracy": 0.8102189781021898,
  "report": {
    "PASS": {
      "precision": 0.5161998901702362,
      "recall": 0.8867924528301887,
      "f1-score": 0.6525511975008679,
      "support": 1060
    },
    "FLAG": {
      "precision": 0.9259336970205623,
      "recall": 0.8004716125521495,
      "f1-score": 0.8586438369491196,
      "support": 5513
    },
    "FAIL": {
      "precision": 0.7983811626195733,
      "recall": 0.7902403495994174,
      "f1-score": 0.7942898975109809,
      "support": 1373
    },
    "accuracy": 0.8102189781021898,
    "macro avg": {
      "precision": 0.7468382499367906,
      "recall": 0.8258348049939185,
      "f1-score": 0.7684949773203229,
      "support": 7946
    },
    "weighted avg": {
      "precision": 0.8492350480155405,
      "recall": 0.8102189781021898,
      "f1-score": 0.820031181944877,
      "support": 7946
    }
  }
}