text,true_label,predicted_label,probs
Credit card number is 1234-5678-9012-3456,2,1,"[0.09908407727038118, 0.8167186159423236, 0.08419730678729526]"
The Eiffel Tower is in Paris.,0,1,"[0.099923703783835, 0.8241960451695118, 0.07588025104665311]"
